Workbook

Sheet Read Me
A1: Week 1 — Data Literacy & Analysis Techniques in E-Governance
A2: Excel analysis workbook prepared as a supporting project file for the Yuva internship task.
A4: Project Objective | B4: Demonstrate data literacy, data cleaning, descriptive statistics, and practical analysis techniques in the context of digital government services.
A5: Dataset | B5: 120 synthetic monthly service records covering 10 Indian states and 6 common e-governance service types. The dataset is clearly marked as synthetic and is suitable for learning/practice.
A6: Workbook Structure | B6: Dataset → Data Cleaning → Analysis → Dashboard → Data Dictionary.
A7: Key Metrics | B7: Applications received, approval rate, rejection rate, average processing time, digital adoption, satisfaction, complaints, and complaint resolution.
A8: Dashboard | B8: A management-style dashboard summarises overall service performance and includes state/category selectors, KPI cards, charts, and key findings.
A9: How to Use | B9: Start with the Dataset sheet, review the cleaning log, then open Analysis and Dashboard. Filters can be used on the dataset table for deeper inspection.
A10: Submission Note | B10: The internship portal screenshot indicates that the formal report is expected as a DOC/DOCX file. This Excel workbook is best used as the supporting analysis/project file if the portal or GitHub field allows it.

Sheet Dataset
A1: E-Governance Service Dataset
A2: Synthetic practice dataset created for the Week 1 Data Literacy & Analysis assignment. It is intended for analysis practice and is not official government data.
A4: Record ID | B4: Month | C4: State | D4: Service Category | E4: Service | F4: Applications Received | G4: Applications Approved | H4: Applications Rejected | I4: Avg Processing Days | J4: Digital Applications (%) | K4: Satisfaction Score (1-5) | L4: Complaints | M4: Complaint Resolution (%)
A5: EG-0001 | B5: 46023 | C5: Maharashtra | D5: Certificates | E5: Birth Certificate | F5: 1407 | G5: 1103 | H5: 304 | I5: 3.9 | J5: 80.6 | K5: 4.66 | L5: 38 | M5: 91.7
A6: EG-0002 | B6: 46054 | C6: Maharashtra | D6: Certificates | E6: Income Certificate | F6: 2263 | G6: 1776 | H6: 487 | I6: 2.9 | J6: 77.4 | K6: 4.15 | L6: 56 | M6: 96.7
A7: EG-0003 | B7: 46082 | C7: Maharashtra | D7: Licenses | E7: Trade License | F7: 2612 | G7: 2212 | H7: 400 | I7: 5.5 | J7: 76.9 | K7: 4.76 | L7: 76 | M7: 92.8
A8: EG-0004 | B8: 46113 | C8: Maharashtra | D8: Welfare | E8: Scholarship Application | F8: 1884 | G8: 1516 | H8: 368 | I8: 7.6 | J8: 84.3 | K8: 3.81 | L8: 26 | M8: 91.9
A9: EG-0005 | B9: 46143 | C9: Maharashtra | D9: Welfare | E9: Pension Application | F9: 2001 | G9: 1754 | H9: 247 | I9: 6.8 | J9: 78.1 | K9: 3.53 | L9: 68 | M9: 85.4
A10: EG-0006 | B10: 46174 | C10: Maharashtra | D10: Citizen Services | E10: Property Tax | F10: 2624 | G10: 2306 | H10: 318 | I10: 7.1 | J10: 84.3 | K10: 3.45 | L10: 34 | M10: 86.4
A11: EG-0007 | B11: 46204 | C11: Maharashtra | D11: Certificates | E11: Birth Certificate | F11: 1573 | G11: 1421 | H11: 152 | I11: 7.7 | J11: 86.4 | K11: 3.33 | L11: 32 | M11: 80.9
A12: EG-0008 | B12: 46235 | C12: Maharashtra | D12: Certificates | E12: Income Certificate | F12: 1377 | G12: 1155 | H12: 222 | I12: 3.5 | J12: 82.3 | K12: 4.01 | L12: 37 | M12: 99
A13: EG-0009 | B13: 46266 | C13: Maharashtra | D13: Licenses | E13: Trade License | F13: 2370 | G13: 2089 | H13: 281 | I13: 6 | J13: 79.2 | K13: 4.41 | L13: 43 | M13: 96.8
A14: EG-0010 | B14: 46296 | C14: Maharashtra | D14: Welfare | E14: Scholarship Application | F14: 1506 | G14: 1339 | H14: 167 | I14: 7 | J14: 74.9 | K14: 3.98 | L14: 19 | M14: 86.4
A15: EG-0011 | B15: 46327 | C15: Maharashtra | D15: Welfare | E15: Pension Application | F15: 1780 | G15: 1502 | H15: 278 | I15: 2.8 | J15: 85.6 | K15: 3.86 | L15: 50 | M15: 91.4
A16: EG-0012 | B16: 46357 | C16: Maharashtra | D16: Citizen Services | E16: Property Tax | F16: 2206 | G16: 1771 | H16: 435 | I16: 3.2 | J16: 85.9 | K16: 4.09 | L16: 64 | M16: 83.8
... A124: EG-0120 | B124: 46357 | C124: West Bengal | D124: Citizen Services | E124: Property Tax | F124: 1606 | G124: 1338 | H124: 268 | I124: 6.5 | J124: 85 | K124: 3.4 | L124: 51 | M124: 98.1
A127: Note: This is a synthetic educational dataset created for the internship assignment. It should not be presented as official government statistics.

Sheet Data Cleaning
A1: Data Cleaning & Quality Checks
A2: Documented preparation steps so the analysis is transparent and reproducible.
A4: Step | B4: Data Quality Check / Action | C4: Result | D4: Status
A5: 1 | B5: Checked record identifiers for uniqueness | C5: 120 unique Record IDs | D5: PASS
A6: 2 | B6: Checked required fields for blanks | C6: No intentional blanks in analytical fields | D6: PASS
A7: 3 | B7: Validated numeric fields | C7: Applications, days, percentages and scores fall within logical ranges | D7: PASS
A8: 4 | B8: Checked percentage values | C8: Digital Applications and Complaint Resolution are between 0% and 100% | D8: PASS
A9: 5 | B9: Checked satisfaction scale | C9: All values are between 1 and 5 | D9: PASS
A10: 6 | B10: Checked approved/rejected relationship | C10: Approved + Rejected does not exceed Applications Received | D10: PASS
A11: 7 | B11: Standardised category/service labels | C11: Consistent spelling and naming used | D11: PASS
A12: 8 | B12: Date format standardisation | C12: Month stored as Excel date and displayed as MMM-YY | D12: PASS
A13: 9 | B13: Outlier review | C13: Extreme values reviewed for plausibility; no records removed solely for being high/low | D13: PASS
A14: 10 | B14: Source note | C14: Dataset is synthetic for internship practice, not an official government dataset | D14: DOCUMENTED

Sheet Analysis
A1: Descriptive Analysis & Key Metrics
A2: Summary statistics calculated from the 120-record dataset.
A4: Metric | B4: Value
A5: Total Applications Received | B5: =SUM(Dataset!F5:F124)
A6: Total Applications Approved | B6: =SUM(Dataset!G5:G124)
A7: Overall Approval Rate | B7: =B5/B4
A8: Average Processing Days | B8: =AVERAGE(Dataset!I5:I124)
A9: Average Digital Adoption | B9: =AVERAGE(Dataset!J5:J124)
A10: Average Satisfaction | B10: =AVERAGE(Dataset!K5:K124)
A11: Total Complaints | B11: =SUM(Dataset!L5:L124)
A12: Average Complaint Resolution | B12: =AVERAGE(Dataset!M5:M124)
A15: State | B15: Applications | C15: Approved | D15: Approval Rate | E15: Avg Processing Days | F15: Digital Adoption | G15: Satisfaction | H15: Complaints | I15: Resolution Rate
A16: Maharashtra | B16: =SUMIFS(Dataset!$F$5:$F$124,Dataset!$C$5:$C$124,A16) | C16: =SUMIFS(Dataset!$G$5:$G$124,Dataset!$C$5:$C$124,A16) | D16: =IFERROR(C16/B16,0) | E16: =AVERAGEIFS(Dataset!$I$5:$I$124,Dataset!$C$5:$C$124,A16) | F16: =AVERAGEIFS(Dataset!$J$5:$J$124,Dataset!$C$5:$C$124,A16) | G16: =AVERAGEIFS(Dataset!$K$5:$K$124,Dataset!$C$5:$C$124,A16) | H16: =SUMIFS(Dataset!$L$5:$L$124,Dataset!$C$5:$C$124,A16) | I16: =AVERAGEIFS(Dataset!$M$5:$M$124,Dataset!$C$5:$C$124,A16)
A17: Gujarat | B17: =SUMIFS(Dataset!$F$5:$F$124,Dataset!$C$5:$C$124,A17) | C17: =SUMIFS(Dataset!$G$5:$G$124,Dataset!$C$5:$C$124,A17) | D17: =IFERROR(C17/B17,0) | E17: =AVERAGEIFS(Dataset!$I$5:$I$124,Dataset!$C$5:$C$124,A17) | F17: =AVERAGEIFS(Dataset!$J$5:$J$124,Dataset!$C$5:$C$124,A17) | G17: =AVERAGEIFS(Dataset!$K$5:$K$124,Dataset!$C$5:$C$124,A17) | H17: =SUMIFS(Dataset!$L$5:$L$124,Dataset!$C$5:$C$124,A17) | I17: =AVERAGEIFS(Dataset!$M$5:$M$124,Dataset!$C$5:$C$124,A17)
A18: Karnataka | B18: =SUMIFS(Dataset!$F$5:$F$124,Dataset!$C$5:$C$124,A18) | C18: =SUMIFS(Dataset!$G$5:$G$124,Dataset!$C$5:$C$124,A18) | D18: =IFERROR(C18/B18,0) | E18: =AVERAGEIFS(Dataset!$I$5:$I$124,Dataset!$C$5:$C$124,A18) | F18: =AVERAGEIFS(Dataset!$J$5:$J$124,Dataset!$C$5:$C$124,A18) | G18: =AVERAGEIFS(Dataset!$K$5:$K$124,Dataset!$C$5:$C$124,A18) | H18: =SUMIFS(Dataset!$L$5:$L$124,Dataset!$C$5:$C$124,A18) | I18: =AVERAGEIFS(Dataset!$M$5:$M$124,Dataset!$C$5:$C$124,A18)
A19: Tamil Nadu | B19: =SUMIFS(Dataset!$F$5:$F$124,Dataset!$C$5:$C$124,A19) | C19: =SUMIFS(Dataset!$G$5:$G$124,Dataset!$C$5:$C$124,A19) | D19: =IFERROR(C19/B19,0) | E19: =AVERAGEIFS(Dataset!$I$5:$I$124,Dataset!$C$5:$C$124,A19) | F19: =AVERAGEIFS(Dataset!$J$5:$J$124,Dataset!$C$5:$C$124,A19) | G19: =AVERAGEIFS(Dataset!$K$5:$K$124,Dataset!$C$5:$C$124,A19) | H19: =SUMIFS(Dataset!$L$5:$L$124,Dataset!$C$5:$C$124,A19) | I19: =AVERAGEIFS(Dataset!$M$5:$M$124,Dataset!$C$5:$C$124,A19)
A20: Telangana | B20: =SUMIFS(Dataset!$F$5:$F$124,Dataset!$C$5:$C$124,A20) | C20: =SUMIFS(Dataset!$G$5:$G$124,Dataset!$C$5:$C$124,A20) | D20: =IFERROR(C20/B20,0) | E20: =AVERAGEIFS(Dataset!$I$5:$I$124,Dataset!$C$5:$C$124,A20) | F20: =AVERAGEIFS(Dataset!$J$5:$J$124,Dataset!$C$5:$C$124,A20) | G20: =AVERAGEIFS(Dataset!$K$5:$K$124,Dataset!$C$5:$C$124,A20) | H20: =SUMIFS(Dataset!$L$5:$L$124,Dataset!$C$5:$C$124,A20) | I20: =AVERAGEIFS(Dataset!$M$5:$M$124,Dataset!$C$5:$C$124,A20)
A21: Kerala | B21: =SUMIFS(Dataset!$F$5:$F$124,Dataset!$C$5:$C$124,A21) | C21: =SUMIFS(Dataset!$G$5:$G$124,Dataset!$C$5:$C$124,A21) | D21: =IFERROR(C21/B21,0) | E21: =AVERAGEIFS(Dataset!$I$5:$I$124,Dataset!$C$5:$C$124,A21) | F21: =AVERAGEIFS(Dataset!$J$5:$J$124,Dataset!$C$5:$C$124,A21) | G21: =AVERAGEIFS(Dataset!$K$5:$K$124,Dataset!$C$5:$C$124,A21) | H21: =SUMIFS(Dataset!$L$5:$L$124,Dataset!$C$5:$C$124,A21) | I21: =AVERAGEIFS(Dataset!$M$5:$M$124,Dataset!$C$5:$C$124,A21)
A22: Rajasthan | B22: =SUMIFS(Dataset!$F$5:$F$124,Dataset!$C$5:$C$124,A22) | C22: =SUMIFS(Dataset!$G$5:$G$124,Dataset!$C$5:$C$124,A22) | D22: =IFERROR(C22/B22,0) | E22: =AVERAGEIFS(Dataset!$I$5:$I$124,Dataset!$C$5:$C$124,A22) | F22: =AVERAGEIFS(Dataset!$J$5:$J$124,Dataset!$C$5:$C$124,A22) | G22: =AVERAGEIFS(Dataset!$K$5:$K$124,Dataset!$C$5:$C$124,A22) | H22: =SUMIFS(Dataset!$L$5:$L$124,Dataset!$C$5:$C$124,A22) | I22: =AVERAGEIFS(Dataset!$M$5:$M$124,Dataset!$C$5:$C$124,A22)
A23: Uttar Pradesh | B23: =SUMIFS(Dataset!$F$5:$F$124,Dataset!$C$5:$C$124,A23) | C23: =SUMIFS(Dataset!$G$5:$G$124,Dataset!$C$5:$C$124,A23) | D23: =IFERROR(C23/B23,0) | E23: =AVERAGEIFS(Dataset!$I$5:$I$124,Dataset!$C$5:$C$124,A23) | F23: =AVERAGEIFS(Dataset!$J$5:$J$124,Dataset!$C$5:$C$124,A23) | G23: =AVERAGEIFS(Dataset!$K$5:$K$124,Dataset!$C$5:$C$124,A23) | H23: =SUMIFS(Dataset!$L$5:$L$124,Dataset!$C$5:$C$124,A23) | I23: =AVERAGEIFS(Dataset!$M$5:$M$124,Dataset!$C$5:$C$124,A23)
A24: Delhi | B24: =SUMIFS(Dataset!$F$5:$F$124,Dataset!$C$5:$C$124,A24) | C24: =SUMIFS(Dataset!$G$5:$G$124,Dataset!$C$5:$C$124,A24) | D24: =IFERROR(C24/B24,0) | E24: =AVERAGEIFS(Dataset!$I$5:$I$124,Dataset!$C$5:$C$124,A24) | F24: =AVERAGEIFS(Dataset!$J$5:$J$124,Dataset!$C$5:$C$124,A24) | G24: =AVERAGEIFS(Dataset!$K$5:$K$124,Dataset!$C$5:$C$124,A24) | H24: =SUMIFS(Dataset!$L$5:$L$124,Dataset!$C$5:$C$124,A24) | I24: =AVERAGEIFS(Dataset!$M$5:$M$124,Dataset!$C$5:$C$124,A24)
A25: West Bengal | B25: =SUMIFS(Dataset!$F$5:$F$124,Dataset!$C$5:$C$124,A25) | C25: =SUMIFS(Dataset!$G$5:$G$124,Dataset!$C$5:$C$124,A25) | D25: =IFERROR(C25/B25,0) | E25: =AVERAGEIFS(Dataset!$I$5:$I$124,Dataset!$C$5:$C$124,A25) | F25: =AVERAGEIFS(Dataset!$J$5:$J$124,Dataset!$C$5:$C$124,A25) | G25: =AVERAGEIFS(Dataset!$K$5:$K$124,Dataset!$C$5:$C$124,A25) | H25: =SUMIFS(Dataset!$L$5:$L$124,Dataset!$C$5:$C$124,A25) | I25: =AVERAGEIFS(Dataset!$M$5:$M$124,Dataset!$C$5:$C$124,A25)
A28: Service Category | B28: Applications | C28: Approved | D28: Approval Rate | E28: Avg Processing Days | F28: Digital Adoption | G28: Satisfaction | H28: Complaints
A29: Certificates | B29: =SUMIFS(Dataset!$F$5:$F$124,Dataset!$D$5:$D$124,A29) | C29: =SUMIFS(Dataset!$G$5:$G$124,Dataset!$D$5:$D$124,A29) | D29: =IFERROR(C29/B29,0) | E29: =AVERAGEIFS(Dataset!$I$5:$I$124,Dataset!$D$5:$D$124,A29) | F29: =AVERAGEIFS(Dataset!$J$5:$J$124,Dataset!$D$5:$D$124,A29) | G29: =AVERAGEIFS(Dataset!$K$5:$K$124,Dataset!$D$5:$D$124,A29) | H29: =SUMIFS(Dataset!$L$5:$L$124,Dataset!$D$5:$D$124,A29)
A30: Citizen Services | B30: =SUMIFS(Dataset!$F$5:$F$124,Dataset!$D$5:$D$124,A30) | C30: =SUMIFS(Dataset!$G$5:$G$124,Dataset!$D$5:$D$124,A30) | D30: =IFERROR(C30/B30,0) | E30: =AVERAGEIFS(Dataset!$I$5:$I$124,Dataset!$D$5:$D$124,A30) | F30: =AVERAGEIFS(Dataset!$J$5:$J$124,Dataset!$D$5:$D$124,A30) | G30: =AVERAGEIFS(Dataset!$K$5:$K$124,Dataset!$D$5:$D$124,A30) | H30: =SUMIFS(Dataset!$L$5:$L$124,Dataset!$D$5:$D$124,A30)
A31: Licenses | B31: =SUMIFS(Dataset!$F$5:$F$124,Dataset!$D$5:$D$124,A31) | C31: =SUMIFS(Dataset!$G$5:$G$124,Dataset!$D$5:$D$124,A31) | D31: =IFERROR(C31/B31,0) | E31: =AVERAGEIFS(Dataset!$I$5:$I$124,Dataset!$D$5:$D$124,A31) | F31: =AVERAGEIFS(Dataset!$J$5:$J$124,Dataset!$D$5:$D$124,A31) | G31: =AVERAGEIFS(Dataset!$K$5:$K$124,Dataset!$D$5:$D$124,A31) | H31: =SUMIFS(Dataset!$L$5:$L$124,Dataset!$D$5:$D$124,A31)
A32: Welfare | B32: =SUMIFS(Dataset!$F$5:$F$124,Dataset!$D$5:$D$124,A32) | C32: =SUMIFS(Dataset!$G$5:$G$124,Dataset!$D$5:$D$124,A32) | D32: =IFERROR(C32/B32,0) | E32: =AVERAGEIFS(Dataset!$I$5:$I$124,Dataset!$D$5:$D$124,A32) | F32: =AVERAGEIFS(Dataset!$J$5:$J$124,Dataset!$D$5:$D$124,A32) | G32: =AVERAGEIFS(Dataset!$K$5:$K$124,Dataset!$D$5:$D$124,A32) | H32: =SUMIFS(Dataset!$L$5:$L$124,Dataset!$D$5:$D$124,A32)
A38: Key Analytical Insights
A39: • Higher digital adoption is generally associated with stronger citizen-service accessibility and should be monitored alongside satisfaction.
A40: • Processing time is a practical operational KPI because longer turnaround can increase citizen complaints and reduce service experience.
A41: • Approval rate alone should not be treated as a quality measure; it should be reviewed with processing time, satisfaction and complaints.
A42: • State-level comparisons help identify locations that may need process redesign, staff capacity improvements or better digital awareness.
A43: • The workbook uses synthetic data for demonstration; conclusions should not be interpreted as official performance claims.

Sheet Dashboard
A1: E-GOVERNANCE PERFORMANCE DASHBOARD
A2: Week 1 | Data Literacy & Analysis Techniques | Synthetic practice dataset | Use the dropdowns to explore the dashboard.
A4: State Selector | B4: All States | D4: Service Category Selector | E4: All Categories
A6: Total Applications | D6: Approval Rate | G6: Avg Processing Days | J6: Digital Adoption
A9: Satisfaction | D9: Total Complaints
A42: MANAGEMENT TAKEAWAYS
A43: • Monitor processing time together with citizen satisfaction rather than using approval rate alone.
A44: • Digital adoption can be used as an accessibility KPI for digital government services.
A45: • State-wise comparison supports identification of stronger-performing regions and areas needing process improvement.
A46: • Complaint volume and resolution rate provide a citizen-centric view of service quality.
A47: • This workbook is a learning/demo analysis using synthetic data; it does not represent official government performance.

Sheet Data Dictionary
A1: Data Dictionary
A2: Definitions and expected interpretation of each dataset field.
A4: Field | B4: Data Type | C4: Description | D4: Unit / Scale | E4: Quality Rule
A5: Record ID | B5: Text | C5: Unique identifier for each monthly service record | D5: EG-0001 format | E5: Unique
A6: Month | B6: Date | C6: Month represented by the observation | D6: MMM-YY | E6: Valid Excel date
A7: State | B7: Text | C7: Indian state/UT represented in the sample | D7: State name | E7: Standard label
A8: Service Category | B8: Text | C8: Broad group of the government service | D8: Category | E8: Controlled values
A9: Service | B9: Text | C9: Specific e-governance service | D9: Service name | E9: Controlled values
A10: Applications Received | B10: Integer | C10: Number of applications received | D10: Count | E10: >= 0
A11: Applications Approved | B11: Integer | C11: Number of applications approved | D11: Count | E11: <= received
A12: Applications Rejected | B12: Integer | C12: Number of applications rejected | D12: Count | E12: >= 0
A13: Avg Processing Days | B13: Decimal | C13: Average time required to process applications | D13: Days | E13: > 0
A14: Digital Applications (%) | B14: Decimal | C14: Share of applications submitted digitally | D14: Percent | E14: 0–100
A15: Satisfaction Score (1-5) | B15: Decimal | C15: Citizen satisfaction indicator | D15: 1 to 5 | E15: 1–5
... A17: Complaint Resolution (%) | B17: Decimal | C17: Share of complaints resolved | D17: Percent | E17: 0–100
